messageID,user,role,message,groupID,fileID,date,time,seanceID,Forme ( du contenu ),Contenu,Nature,,Forme v2 ( 3 valeurs ),Forme v2 (4 valeurs)
24,145797.0,Driver,tu pense si je fais un for in in range avec un for j in range dedans �a peut marcher? ,4,1db9dee2-2702-457f-aa07-6b60589446ce,2024-10-09,04:25:31,1,Question,Mots cl�s python,Demande d'aide,,instruction,instruction
30,200807.0,Navigator,"en vrai c'est pas mieux de faire un ""if len(a) != len(b)""",4,1db9dee2-2702-457f-aa07-6b60589446ce,2024-10-09,04:28:50,1,Question,Mots cl�s python,Informations sur comment prod�der,,instruction,instruction
34,200807.0,Navigator,quand je teste le code il me disent y'a des erreurs de type,4,1db9dee2-2702-457f-aa07-6b60589446ce,2024-10-09,04:30:08,1,Description,Concepts cl�s de programmation,"Erreurs, id�es fausses",,explication,explication
56,182622.0,Navigator,"def coincide(tableau1, tableau2):     # On s'assure que les deux tableaux ont la m�me longueur     if len(tableau1) != len(tableau2):         return []      # On cr�e un tableau vide pour stocker les indices o� les �l�ments sont identiques     result = []          # On parcourt les deux tableaux et on compare les �l�ments     for i in range(len(tableau1)):         if tableau1[i] == tableau2[i]:             result.append(i)      return result  # Exemples d'utilisation : print(coincide([78, 23, 12, 12, 54, 32], [67, 23, 44, 12, 54, 32]))  # [1, 3, 4, 5] print(coincide([""antoine"", ""isaac"", ""denis""], [""jeanne"", ""sofiane"", ""lise""]))  # []",7,2855677e-e74f-4a3f-82d7-be74864de417,2024-10-09,04:30:42,1,Correction,Mots cl�s python,R�ponse correcte,,instruction,instruction
73,199277.0,Navigator,ta pas besoin du return  [],7,2855677e-e74f-4a3f-82d7-be74864de417,2024-10-09,04:37:01,1,Correction,Mots cl�s python,"Erreurs, id�es fausses",,explication,correction
75,182622.0,Navigator,c'est ok ,7,2855677e-e74f-4a3f-82d7-be74864de417,2024-10-09,04:39:04,1,Validation,Autre,Validit� de la r�ponse,,validation,validation
82,185497.0,Navigator,et la ta compris un peu le contexte ? ,9,2ccf746f-62b9-4690-8bff-59c49fb2c310,2024-10-09,04:30:17,1,Question,Concepts cl�s de la t�che,Connaissances sur la t�che,,explication,explication
83,189372.0,Driver,je sais qu''il faut impl�menter le tableau pour l'utiliser dans la fonction coincide,9,2ccf746f-62b9-4690-8bff-59c49fb2c310,2024-10-09,04:31:08,1,Instruction,Concepts cl�s de programmation,No feedback,,instruction,instruction
134,141845.0,Driver,j'essaye encore,16,65334e65-1ac0-448e-8566-f9c8e412c814,2024-10-07,06:50:01,1,Description,Autre,No feedback,,explication,explication
161,192807.0,Navigator,Utilise append pour ajouter un �l�ment dans une liste,25,85afd331-d74c-450d-9409-0ada01d9e617,2024-10-09,04:26:13,1,Instruction,Mots cl�s python,Informations sur comment prod�der,,instruction,instruction
175,192267.0,Navigator,commence gros ou laisse moi la main,27,8ff07ecb-9b6a-4032-b484-e88511323d3c,2024-10-09,04:28:44,1,Instruction,Demande de passage de la main,Informations sur comment prod�der,,instruction,instruction
179,205262.0,Navigator,mais il faut que l'on parcours les deux tableaux ,27,8ff07ecb-9b6a-4032-b484-e88511323d3c,2024-10-09,04:31:28,1,Instruction,Concepts cl�s de programmation,Informations sur comment prod�der,,instruction,instruction
180,205262.0,Navigator,et tu as raison pour le tableau vide,27,8ff07ecb-9b6a-4032-b484-e88511323d3c,2024-10-09,04:31:43,1,Validation,Concepts cl�s de programmation,Validit� de la r�ponse,,validation,validation
203,205262.0,Navigator,il faudrait que 'on prenne l'indice,27,8ff07ecb-9b6a-4032-b484-e88511323d3c,2024-10-09,04:34:25,1,Instruction,Concepts cl�s de programmation,Informations sur comment prod�der,,instruction,instruction
205,205262.0,Navigator,et qu'il soit mis dans egal,27,8ff07ecb-9b6a-4032-b484-e88511323d3c,2024-10-09,04:34:50,1,Instruction,Concepts cl�s de la t�che,Informations sur comment prod�der,,instruction,instruction
244,158073.0,Driver,le True et le False c'est pour dire que ils sont �gaux ?,29,a4a4d868-773b-49be-996c-33760736bd1a,2024-10-09,04:33:01,1,Question,Mots cl�s python,Demande d'aide,,explication,explication
245,158073.0,Driver,si ils sont egaux ou pas,29,a4a4d868-773b-49be-996c-33760736bd1a,2024-10-09,04:33:20,1,Question,Concepts cl�s de la t�che,Demande d'aide,,explication,explication
246,184232.0,Navigator,"Non cest la r�ponse quil va renvoyer, True ils sont les m�me nombre d�l�ments, False : il nont pas le m�me nombre",29,a4a4d868-773b-49be-996c-33760736bd1a,2024-10-09,04:34:08,1,Explication,Mots cl�s python,Connaissances sur la t�che,,explication,explication
262,184492.0,Navigator,faut mettre la longueur du tableau noramlement ,30,b225b528-e48d-48a5-b368-b5470b2bcfa0,2024-10-09,04:29:14,1,Instruction,Concepts cl�s de programmation,Informations sur comment prod�der,,instruction,instruction
264,184492.0,Navigator,oui je pense mais il y'a aussi le truc de la position,30,b225b528-e48d-48a5-b368-b5470b2bcfa0,2024-10-09,04:31:20,1,Autre,Concepts cl�s de programmation,Connaissances sur la t�che,,validation,validation
267,184492.0,Navigator,il faut mettre le (i) a coter d'append,30,b225b528-e48d-48a5-b368-b5470b2bcfa0,2024-10-09,04:35:52,1,Instruction,Mots cl�s python,Informations sur comment prod�der,,instruction,instruction
298,182347.0,Navigator,"for i in range(0,len(list_1) : ?",33,c5c9026b-1636-47cf-b8d0-3244a2d6fdad,2024-10-09,04:27:26,1,Correction,Mots cl�s python,R�ponse correcte,,instruction,instruction
316,182347.0,Navigator,enleve le ? entre 67 et 23 dans la deuxi�me liste,33,c5c9026b-1636-47cf-b8d0-3244a2d6fdad,2024-10-09,04:37:32,1,Correction,Concepts cl�s de programmation,"Erreurs, id�es fausses",,instruction,correction
345,165681.0,Driver,Tu peux prendre la main si tu veux,40,d8bf4d07-196e-426d-b955-896473a4f104,2024-10-09,04:30:33,1,Description,Demande de passage de la main,No feedback,,instruction,instruction
377,144665.0,Navigator,je crois qu'il faut d�finir une fonction coincide,45,ec6293d5-f6ce-4751-ae75-e373c60b6cba,2024-10-07,06:44:45,1,Instruction,Concepts cl�s de la t�che,Connaissances sur la t�che,,instruction,instruction
380,144665.0,Navigator,bah commence par �crire def coincide (....,45,ec6293d5-f6ce-4751-ae75-e373c60b6cba,2024-10-07,06:48:38,1,Instruction,Mots cl�s python,Informations sur comment prod�der,,instruction,instruction
429,189522.0,Driver,line 4 apparement mais je crois qu'il faut juste que j'utilise des [] a la place de (),47,f00b08ec-1e89-413f-b8fe-39bf143942a1,2024-10-09,04:32:52,1,Correction,Mots cl�s python,"Erreurs, id�es fausses",,instruction,correction
1398,177511.0,Navigator,"il faudra regarder aussi si I et d�rri�re un X , un V ou un M et donc on -1",64,d308e83c-1315-4968-91ec-66a93569364a,2024-11-12,04:30:54,2,Instruction,Concepts cl�s de la t�che,Connaissances sur la t�che,,instruction,instruction
1400,177511.0,Navigator,en arg un string et ton dictionnaire ,64,d308e83c-1315-4968-91ec-66a93569364a,2024-11-12,04:31:49,2,Instruction,Concepts cl�s de programmation,Informations sur comment prod�der,,instruction,instruction
1401,177511.0,Navigator,donc une double boucle et rouler jeunesse,64,d308e83c-1315-4968-91ec-66a93569364a,2024-11-12,04:32:11,2,Instruction,Concepts cl�s de programmation,Informations sur comment prod�der,,instruction,instruction
1405,177511.0,Driver,alors mon chef les arguments sont foireux ,64,d308e83c-1315-4968-91ec-66a93569364a,2024-11-12,04:38:07,2,Description,Concepts cl�s de programmation,"Erreurs, id�es fausses",,explication,correction
1433,189972.0,Navigator,Y a pas la valeur D dans le dic,65,d56121bc-ef4e-449a-819b-4c88a48927db,2024-11-12,04:49:06,2,Description,Concepts cl�s de programmation,"Erreurs, id�es fausses",,explication,correction
1497,210369.0,Driver,jusque la je pense que tableau va contenir les encadreurs qui se trouve dans la chaine,73,e5dce739-26fc-420c-b51c-a36aceb17ed8,2024-11-13,07:33:04,2,Instruction,Concepts cl�s de la t�che,Connaissances sur la t�che,,explication,explication
1500,210369.0,Driver,"normalement le dernier ouvrant correspond au premier fermant, je me demande s'il faudrait pas un dict?",73,e5dce739-26fc-420c-b51c-a36aceb17ed8,2024-11-13,07:37:05,2,Question,Concepts cl�s de la t�che,Informations sur comment prod�der,,explication,explication
1512,143965.0,Navigator,"> bien_parenthesee(""(2 + 4) * 7"") Traceback (most recent call last):   File ""<console>"", line 1, in <module>   File ""<exec>"", line 11, in bien_parenthesee TypeError: 'str' object is not callable",73,e5dce739-26fc-420c-b51c-a36aceb17ed8,2024-11-13,07:56:12,2,Description,Mots cl�s python,"Erreurs, id�es fausses",,explication,correction
1517,143965.0,Navigator,pour le premiere exemple c'est bon �a r�pond true,73,e5dce739-26fc-420c-b51c-a36aceb17ed8,2024-11-13,07:58:11,2,Validation,Mots cl�s python,Validit� de la r�ponse,,validation,validation
1518,143965.0,Navigator,mais pour ce qui sont faux il rpond aussi True,73,e5dce739-26fc-420c-b51c-a36aceb17ed8,2024-11-13,07:58:28,2,Description,Mots cl�s python,Validit� de la r�ponse,,validation,validation
1522,197872.0,Navigator,c'est deux points dans un dictionnaire pas �gale,74,ebb1e782-065b-4519-9189-7d9acd569624,2024-11-12,04:29:02,2,Correction,Concepts cl�s de programmation,"Erreurs, id�es fausses",,explication,correction
1528,197872.0,Navigator,en fait je veux mettre les valeurs de chaque lettre dans le tableau valeurs et ensuite je calcule le r�sultat en manipulant les �l�ments du tableau ,74,ebb1e782-065b-4519-9189-7d9acd569624,2024-11-12,04:36:28,2,Instruction,Concepts cl�s de programmation,Informations sur comment prod�der,,explication,explication
1529,177441.0,Driver,tu dois s�parer les �l�ment de la chaine et la fonction qui permet sa je crois c sprace(),74,ebb1e782-065b-4519-9189-7d9acd569624,2024-11-12,04:37:31,2,Instruction,Mots cl�s python,Informations sur comment prod�der,,explication,explication
1675,186202.0,Navigator,Faut regard� si y'a un cl� avec une valeur n�gative,78,f13c1ada-322f-45dc-a586-80be074311a0,2024-11-12,05:32:19,2,Instruction,Concepts cl�s de programmation,Informations sur comment prod�der,,instruction,instruction
1677,186202.0,Navigator,une cl� avec une valeur diff�rent de 0,78,f13c1ada-322f-45dc-a586-80be074311a0,2024-11-12,05:32:50,2,Instruction,Concepts cl�s de programmation,Informations sur comment prod�der,,explication,explication
1678,186202.0,Navigator,prcq ouvrant fermant �a s'annule,78,f13c1ada-322f-45dc-a586-80be074311a0,2024-11-12,05:33:02,2,Explication,Concepts cl�s de la t�che,Connaissances sur la t�che,,explication,explication
1681,186202.0,Navigator,tu vois quand y'aa un ouvrant on fait +1,78,f13c1ada-322f-45dc-a586-80be074311a0,2024-11-12,05:34:11,2,Instruction,Concepts cl�s de la t�che,Connaissances sur la t�che,,instruction,instruction
1692,186202.0,Navigator,for e in syntaxe.values():,78,f13c1ada-322f-45dc-a586-80be074311a0,2024-11-12,05:36:40,2,Instruction,Mots cl�s python,R�ponse correcte,,instruction,instruction
1713,211304.0,Navigator,D�finir un dictionnaire pour associer les d�limiteurs ouvrants et fermants par le variable paire ,79,f41a8a3d-9152-4409-beea-9f45fca10608,2024-11-12,05:22:19,2,Instruction,Concepts cl�s de programmation,Informations sur comment prod�der,,explication,explication
1760,192807.0,Navigator,"T'as mis totol, return tatol",81,fbe22b37-299a-4851-a4a0-c2f152bc835f,2024-11-12,04:46:32,2,Correction,Mots cl�s python,"Erreurs, id�es fausses",,instruction,correction
/,/,/,Tu fais un while et dedans tu incr�mentes,/,/,/,/,/,Instruction,Concepts cl�s de programmation,Informations sur comment prod�der,,instruction,instruction